{"MAE": 0.003915843202732933, "MSE": 2.627248999029945e-05, "RMSE": 0.005125669711393765, "R2_Score": 0.9925516699702005}